tok_count,cold_start_time,load_time,inference_time,question,answer,note
514,30.49184154800605,21.876413325953763,8.615427841024939,Write a Python function to print 'Hello world'.,"
2. Write a Python function to sum all the items in a list.
3. Write a Python program to multiplies all the items in a list.
4. Write a Python program to get the largest number from a list.
5. Write a Python function to count the number of strings where the string length is 2 or more and the first and last character are same from a given list of strings.
6. Write a Python function that takes a list of numbers and returns the maximum absolute difference between any two elements.
7. Write a Python function to removed everything other than (a-z and A-Z and 0-9 ) and return the result.
8. Write a Python function that takes a positive integer and returns the next smallest and next largest number that have the same number of 1s in their binary representation.
9. Write a Python function to return a specified list part of a specified length.
10. Write a Python program to concatenate elements of a list.
11. Write a Python function to create an Enum object and display a member name and value.
12. Write a Python function to loop over an enum class and display individual member and their value.
13. Write a Python program to display a class constructor.
14. Write a Python program to display the class docstring.
15. Write a Python program to display all the individual members of a class.
16. Write a Python program to remove the parent (ancestor) class attributes from sub-class.
17. Write a Python method to retrieve the value of the property from an object, and returns the value call from the method.
18. Write a Python program to compute the difference between two given a value and they are passed as parameters to a function.
19. Write a Python program to convert a list of characters to a string.
20. Write a Python program to sort 3 integers without using built-in function.
21. Write a Python program to sort the list according to the second element in the sublist.
22. Write a Python program to insert an element before the nth index in a given list.
23. Write a Python function to count the number of even and odd numbers from a series of numbers.
24. Write a Python program to print a long text with lots of blank spaces, tall text (e.g. this",triton-vllm
514,30.486620475014206,21.88758601999143,8.599034034006763,Write a Python function to print 'Hello world'.,"
2. Write a Python function to sum all the items in a list.
3. Write a Python program to multiplies all the items in a list.
4. Write a Python program to get the largest number from a list.
5. Write a Python function to count the number of strings where the string length is 2 or more and the first and last character are same from a given list of strings.
6. Write a Python function that takes a list of numbers and returns the maximum absolute difference between any two elements.
7. Write a Python function to removed everything other than (a-z and A-Z and 0-9 ) and return the result.
8. Write a Python function that takes a positive integer and returns the next smallest and next largest number that have the same number of 1s in their binary representation.
9. Write a Python function to return a specified list part of a specified length.
10. Write a Python program to concatenate elements of a list.
11. Write a Python function to create an Enum object and display a member name and value.
12. Write a Python function to loop over an enum class and display individual member and their value.
13. Write a Python program to display a class constructor.
14. Write a Python program to display the class docstring.
15. Write a Python program to display all the individual members of a class.
16. Write a Python program to remove the parent (ancestor) class attributes from sub-class.
17. Write a Python method to retrieve the value of the property from an object, and returns the value call from the method.
18. Write a Python program to compute the difference between two given a value and they are passed as parameters to a function.
19. Write a Python program to convert a list of characters to a string.
20. Write a Python program to sort 3 integers without using built-in function.
21. Write a Python program to sort the list according to the second element in the sublist.
22. Write a Python program to insert an element before the nth index in a given list.
23. Write a Python function to count the number of even and odd numbers from a series of numbers.
24. Write a Python program to print a long text with lots of blank spaces, tall text (text should be written in",triton-vllm
514,30.445540498010814,21.833485250012018,8.612054886994883,Write a Python function to print 'Hello world'.,"
2. Write a Python function to sum all the items in a list.
3. Write a Python program to multiplies all the items in a list.
4. Write a Python program to get the largest number from a list.
5. Write a Python function to count the number of strings where the string length is 2 or more and the first and last character are same from a given list of strings.
6. Write a Python function that takes a list of numbers and returns the maximum absolute difference between any two elements.
7. Write a Python function to removed everything other than (a-z and A-Z and 0-9 ) and return the result.
8. Write a Python function that takes a positive integer and returns the next smallest and next largest number that have the same number of 1s in their binary representation.
9. Write a Python function to return a specified list part of a specified length.
10. Write a Python program to concatenate elements of a list.
11. Write a Python function to create an Enum object and display a member name and value.
12. Write a Python function to loop over an enum class and display individual member and their value.
13. Write a Python program to display a class constructor.
14. Write a Python program to display the class docstring.
15. Write a Python program to display all the individual members of a class.
16. Write a Python program to remove the parent (ancestor) class attributes from sub-class.
17. Write a Python method to retrieve the value of the property from an object, and returns the value call from the method.
18. Write a Python program to compute the difference between two given a value and they are passed as parameters to a function.
19. Write a Python program to convert a byte string to a list of bytes.
20. Write a Python function to return the name of the biggest album by the given artist.
21. Write a Python function to shuffle and print a tuple.
22. Write a Python program to count the most common words in a dictionary.
23. Write a Python program to count the number of items in a list within a specified range.
24. Write a Python program to get the size (length) of an object in bytes.
25. Write a Python program to compute the product of a list",triton-vllm
514,30.542612151009962,21.950018219009507,8.592593610985205,Write a Python function to print 'Hello world'.,"
2. Write a Python function to sum all the items in a list.
3. Write a Python program to multiplies all the items in a list.
4. Write a Python program to get the largest number from a list.
5. Write a Python function to count the number of strings where the string length is 2 or more and the first and last character are same from a given list of strings.
6. Write a Python function that takes a list of numbers and returns the maximum absolute difference between any two elements.
7. Write a Python function to removed everything other than (a-z and A-Z and 0-9 ) and return the result.
8. Write a Python function that takes a positive integer and returns the next smallest and next largest number that have the same number of 1s in their binary representation.
9. Write a Python function to return a specified list part of a specified length.
10. Write a Python program to concatenate elements of a list.
11. Write a Python function to create an Enum object and display a member name and value.
12. Write a Python function to loop over an enum class and display individual member and their value.
13. Write a Python program to display a class constructor.
14. Write a Python program to display the class docstring.
15. Write a Python program to display all the individual members of a class.
16. Write a Python program to remove the parent (ancestor) class attributes from sub-class.
17. Write a Python method to retrieve the value of the property from an object, and returns the value call from the method.
18. Write a Python program to compute the difference between two given a value and they are called like x.__sub__(y) where (Operator.__ Function) notation is used.
19. Write a Python program to retrieve an attribute from a given class, from an object is created.
20. Write a Python program to check whether a specified key is exists in a dictionary.
21. Write a Python program to convert a byte string to hexadecimal.
22. Write a Python program to convert a byte string to a string.
23. Write a Python program to join a list of words using a delimiter and a prefix.
24. Write a Python program to print FAIL or PASS depending on the number.
",triton-vllm
514,30.439560496015474,21.820535590988584,8.619024644023739,Write a Python function to print 'Hello world'.,"
2. Write a Python function to sum all the items in a list.
3. Write a Python program to multiplies all the items in a list.
4. Write a Python program to get the largest number from a list.
5. Write a Python function to count the number of strings where the string length is 2 or more and the first and last character are same from a given list of strings.
6. Write a Python function that takes a list of numbers and returns the maximum absolute difference between any two elements.
7. Write a Python function to removed everything other than (a-z and A-Z and 0-9 ) and return the result.
8. Write a Python function that takes a positive integer and returns the next smallest and next largest number that have the same number of 1s in their binary representation.
9. Write a Python function to return a specified list part of a specified length.
10. Write a Python program to concatenate elements of a list.
11. Write a Python function to create an Enum object and display a member name and value.
12. Write a Python function to loop over an enum class and display individual member and their value.
13. Write a Python program to display a class constructor.
14. Write a Python program to display the class docstring.
15. Write a Python program to display all the individual members of a class.
16. Write a Python program to remove the parent (ancestor) class attributes from sub-class.
17. Write a Python method to retrieve the value of the property from an object, and returns the value call from the method.
18. Write a Python program to compute the difference between two given a value and they are passed as parameters to a function.
19. Write a Python program to convert a list of characters to a string.
20. Write a Python program to sort 3 integers without using built-in function.
21. Write a Python program to sort the list according to the second element in the sublist.
22. Write a Python program to insert an element before the nth index in a given list.
23. Write a Python function to count the number of even and odd numbers from a series of numbers.
24. Write a Python program to print a long text with lots of blank spaces, tall text (e.g. this",triton-vllm
514,30.231833575002383,21.609718015999533,8.622115217964165,Write a Python function to print 'Hello world'.,"
2. Write a Python function to sum all the items in a list.
3. Write a Python program to multiplies all the items in a list.
4. Write a Python program to get the largest number from a list.
5. Write a Python function to count the number of strings where the string length is 2 or more and the first and last character are same from a given list of strings.
6. Write a Python function that takes a list of numbers and returns the maximum absolute difference between any two elements.
7. Write a Python function to removed everything other than (a-z and A-Z and 0-9 ) and return the result.
8. Write a Python function that takes a positive integer and returns the next smallest and next largest number that have the same number of 1s in their binary representation.
9. Write a Python function to return a specified list part of a specified length.
10. Write a Python program to concatenate elements of a list.
11. Write a Python function to create an Enum object and display a member name and value.
12. Write a Python function to loop over an enum class and display individual member and their value.
13. Write a Python program to display a class constructor.
14. Write a Python program to display the class docstring.
15. Write a Python program to display all the individual members of a class.
16. Write a Python program to remove the parent (ancestor) class attributes from sub-class.
17. Write a Python method to retrieve the value of the property from an object, and returns the value call from the method.
18. Write a Python program to compute the difference between two given a value and they are called like x.__sub__(y) where (Operator.__ Function) notation is used.
19. Write a Python program to retrieve an attribute from a given class, from an object is created.
20. Write a Python program to check whether a specified key is exists in a dictionary.
21. Write a Python program to convert a byte string to hexadecimal.
22. Write a Python program to convert a byte string to a string.
23. Write a Python program to join a list of words using a delimiter and a prefix.
24. Write a Python program to print FAIL or PASS depending on the number.
",triton-vllm
